epoch,time,train/box_loss,train/cls_loss,train/l1_loss,metrics/precision(B),metrics/recall(B),metrics/mAP50(B),metrics/mAP50-95(B),val/box_loss,val/cls_loss,val/l1_loss,lr/pg0,lr/pg1,lr/pg2
1,13.0218,1.00268,4.81971,0.02295,0,0,0,0,0.39059,5.04182,0.01207,0.000611111,0.000611111,0.000611111
2,18.7253,0.90972,4.79161,0.02285,0,0,0,0,0.4271,5.03858,0.01309,0.00126197,0.00126197,0.00126197
3,23.3412,0.9737,4.67429,0.0222,0,0,0,0,0.77913,5.01991,0.02587,0.00189632,0.00189632,0.00189632
4,28.5779,1.01658,4.58064,0.02311,0,0,0,0,2.54319,5.04578,0.09433,0.00192575,0.00192575,0.00192575
5,32.9925,1.21325,4.38794,0.02932,0,0,0,0,1.29563,4.63981,0.05123,0.001901,0.001901,0.001901
6,37.5512,0.85096,3.98727,0.01957,0,0,0,0,1.29563,4.63981,0.05123,0.00187625,0.00187625,0.00187625
7,42.6944,1.16346,3.70789,0.02632,0.81818,0.69231,0.68045,0.28567,1.35209,4.20938,0.04699,0.0018515,0.0018515,0.0018515
8,47.9723,1.23753,3.55294,0.03127,0.34286,0.92308,0.82071,0.396,1.06496,3.56587,0.04097,0.00182675,0.00182675,0.00182675
9,52.7617,1.19247,3.45203,0.02763,0.7022,0.36509,0.84907,0.44978,1.003,3.22307,0.03924,0.001802,0.001802,0.001802
10,57.5551,1.11083,3.02223,0.02675,0.7022,0.36509,0.84907,0.44978,1.003,3.22307,0.03924,0.00177725,0.00177725,0.00177725
11,61.879,1.20171,2.38855,0.03007,0.68622,0.50666,0.73013,0.35929,1.37986,2.67217,0.05602,0.0017525,0.0017525,0.0017525
12,66.3337,1.11936,2.14911,0.02708,0.77009,0.76923,0.82191,0.40354,1.56911,1.87783,0.06426,0.00172775,0.00172775,0.00172775
13,70.9864,1.05093,1.75187,0.02648,0.78847,0.92308,0.90629,0.44775,1.34409,1.92989,0.05471,0.001703,0.001703,0.001703
14,75.2996,1.14217,1.94449,0.02923,0.78847,0.92308,0.90629,0.44775,1.34409,1.92989,0.05471,0.00167825,0.00167825,0.00167825
15,80.4628,1.09458,1.94004,0.02663,0.92407,1,0.96786,0.57744,1.33227,3.16632,0.05402,0.0016535,0.0016535,0.0016535
16,84.9379,1.00062,1.73721,0.02389,0.99674,1,0.995,0.64326,0.9928,4.31901,0.03944,0.00162875,0.00162875,0.00162875
17,90.1835,1.03243,1.6253,0.02214,1,0.99351,0.995,0.69673,0.80813,3.02077,0.02984,0.001604,0.001604,0.001604
18,94.3988,1.02117,1.73051,0.02383,1,0.99351,0.995,0.69673,0.80813,3.02077,0.02984,0.00157925,0.00157925,0.00157925
19,99.1578,0.89954,1.48231,0.02125,0.98241,0.92308,0.97556,0.73068,0.81931,1.42627,0.03071,0.0015545,0.0015545,0.0015545
20,103.414,0.91489,1.55899,0.02107,0.99307,0.92308,0.97556,0.71901,0.69968,1.52053,0.02538,0.00152975,0.00152975,0.00152975
21,108.007,0.90425,1.61589,0.02029,0.99524,1,0.995,0.66889,0.96516,1.48529,0.03488,0.001505,0.001505,0.001505
22,112.115,0.92689,1.492,0.02048,0.99524,1,0.995,0.66889,0.96516,1.48529,0.03488,0.00148025,0.00148025,0.00148025
23,117.119,0.96438,1.36093,0.01972,0.99115,1,0.995,0.73145,0.80115,1.57511,0.0267,0.0014555,0.0014555,0.0014555
24,122.359,0.98029,1.47474,0.02066,0.9879,1,0.995,0.75496,0.73504,1.62836,0.02477,0.00143075,0.00143075,0.00143075
25,126.944,0.89577,1.43457,0.01903,0.95477,1,0.995,0.76328,0.70314,1.80305,0.0235,0.001406,0.001406,0.001406
26,131.543,0.90833,1.47857,0.02129,0.95477,1,0.995,0.76328,0.70314,1.80305,0.0235,0.00138125,0.00138125,0.00138125
27,136.911,0.91073,1.29574,0.02063,0.97998,1,0.995,0.72565,1.01588,1.69681,0.037,0.0013565,0.0013565,0.0013565
28,141.236,0.9607,1.33328,0.02118,0.91377,1,0.99,0.69229,1.06145,1.47352,0.03703,0.00133175,0.00133175,0.00133175
29,145.828,0.98255,1.28943,0.02174,0.96462,1,0.995,0.72058,1.09348,1.36466,0.04053,0.001307,0.001307,0.001307
30,150.419,1.02334,1.25466,0.02301,0.96462,1,0.995,0.72058,1.09348,1.36466,0.04053,0.00128225,0.00128225,0.00128225
31,155.141,0.95404,1.31853,0.02168,0.965,1,0.995,0.7014,1.19653,1.25897,0.04495,0.0012575,0.0012575,0.0012575
32,160.034,0.92094,1.24674,0.01957,0.98981,1,0.995,0.74067,1.00935,1.25332,0.03626,0.00123275,0.00123275,0.00123275
33,164.148,0.88383,1.27411,0.01848,0.9948,1,0.995,0.81139,0.88002,1.21399,0.02919,0.001208,0.001208,0.001208
34,168.87,0.85927,1.2073,0.0187,0.9948,1,0.995,0.81139,0.88002,1.21399,0.02919,0.00118325,0.00118325,0.00118325
35,173.508,0.82136,1.01276,0.01578,0.99556,1,0.995,0.77622,0.95274,1.1629,0.03194,0.0011585,0.0011585,0.0011585
36,178.237,0.82316,1.00241,0.01736,0.99727,1,0.995,0.77976,0.8753,1.10896,0.02997,0.00113375,0.00113375,0.00113375
37,182.951,0.77315,0.9648,0.01595,0.99857,1,0.995,0.79114,0.97219,1.01434,0.03584,0.001109,0.001109,0.001109
38,188.028,0.84377,1.05906,0.01938,0.99857,1,0.995,0.79114,0.97219,1.01434,0.03584,0.00108425,0.00108425,0.00108425
39,192.64,0.81447,1.05532,0.01729,0.99931,1,0.995,0.78622,0.87954,1.05735,0.03124,0.0010595,0.0010595,0.0010595
40,197.533,0.84226,1.05661,0.01939,1,0.99388,0.995,0.79208,0.83533,1.15757,0.0296,0.00103475,0.00103475,0.00103475
41,202.475,0.76238,1.03722,0.01584,0.99708,1,0.995,0.7773,0.92966,1.10987,0.03442,0.00101,0.00101,0.00101
42,207.733,0.72453,1.03685,0.01516,0.99708,1,0.995,0.7773,0.92966,1.10987,0.03442,0.00098525,0.00098525,0.00098525
43,213.173,0.76497,0.95502,0.01693,0.99628,1,0.995,0.76127,1.04486,0.97328,0.03807,0.0009605,0.0009605,0.0009605
44,218.479,0.84942,1.00658,0.01768,0.99578,1,0.995,0.78609,0.96585,0.7407,0.03572,0.00093575,0.00093575,0.00093575
45,223.614,0.79256,0.97219,0.01904,0.99574,1,0.995,0.8286,0.8309,0.66554,0.03089,0.000911,0.000911,0.000911
46,229.489,0.73085,0.87789,0.0143,0.99574,1,0.995,0.8286,0.8309,0.66554,0.03089,0.00088625,0.00088625,0.00088625
47,235.231,0.6757,0.81441,0.01411,0.9962,1,0.995,0.82464,0.75837,0.70687,0.02801,0.0008615,0.0008615,0.0008615
48,240.331,0.71428,0.99258,0.0158,0.99648,1,0.995,0.8408,0.70369,0.64506,0.02596,0.00083675,0.00083675,0.00083675
49,245.121,0.69674,0.83104,0.01502,0.9966,1,0.995,0.82478,0.68872,0.59913,0.02564,0.000812,0.000812,0.000812
50,250.616,0.62124,0.81116,0.01221,0.9966,1,0.995,0.82478,0.68872,0.59913,0.02564,0.00078725,0.00078725,0.00078725
51,255.392,0.69183,0.82902,0.01501,0.9971,1,0.995,0.79872,0.76958,0.56962,0.02823,0.0007625,0.0007625,0.0007625
52,261.218,0.70819,0.79036,0.01459,0.99726,1,0.995,0.81061,0.75094,0.56871,0.02801,0.00073775,0.00073775,0.00073775
53,266.061,0.69044,0.742,0.01421,0.99729,1,0.995,0.80167,0.7398,0.5972,0.02764,0.000713,0.000713,0.000713
54,271.189,0.64049,0.80346,0.01325,0.99729,1,0.995,0.80167,0.7398,0.5972,0.02764,0.00068825,0.00068825,0.00068825
55,276.297,0.68877,0.79331,0.0151,0.99713,1,0.995,0.80203,0.76662,0.63733,0.02849,0.0006635,0.0006635,0.0006635
56,281.079,0.7307,0.79312,0.01507,0.99694,1,0.995,0.82892,0.78294,0.61781,0.02898,0.00063875,0.00063875,0.00063875
57,285.469,0.63045,0.71791,0.0142,0.9967,1,0.995,0.82998,0.79952,0.59159,0.02964,0.000614,0.000614,0.000614
58,290.579,0.7012,0.82785,0.01455,0.9967,1,0.995,0.82998,0.79952,0.59159,0.02964,0.00058925,0.00058925,0.00058925
59,294.659,0.61926,0.77263,0.01341,0.99642,1,0.995,0.83546,0.78212,0.53542,0.02905,0.0005645,0.0005645,0.0005645
60,299.305,0.60808,0.69994,0.01235,0.99642,1,0.995,0.84734,0.79709,0.50828,0.02926,0.00053975,0.00053975,0.00053975
61,304.228,0.65487,0.73438,0.01295,0.99645,1,0.995,0.85502,0.79564,0.47288,0.02898,0.000515,0.000515,0.000515
62,308.921,0.63793,0.80879,0.01345,0.99645,1,0.995,0.85502,0.79564,0.47288,0.02898,0.00049025,0.00049025,0.00049025
63,313.009,0.52453,0.69768,0.01033,0.9964,1,0.995,0.84833,0.75232,0.46313,0.02735,0.0004655,0.0004655,0.0004655
64,317.394,0.56889,0.59228,0.01156,0.99636,1,0.995,0.83295,0.68853,0.46643,0.025,0.00044075,0.00044075,0.00044075
65,322.529,0.64482,0.72937,0.0126,0.99629,1,0.995,0.84693,0.66618,0.46358,0.02391,0.000416,0.000416,0.000416
66,327.506,0.59581,0.74656,0.012,0.99629,1,0.995,0.84693,0.66618,0.46358,0.02391,0.00039125,0.00039125,0.00039125
67,332.051,0.57667,0.63532,0.01079,0.99624,1,0.995,0.82462,0.66694,0.49854,0.02354,0.0003665,0.0003665,0.0003665
68,336.677,0.55884,0.6143,0.01047,0.99614,1,0.995,0.83751,0.66186,0.53689,0.02358,0.00034175,0.00034175,0.00034175
69,341.416,0.59724,0.62487,0.01134,0.9962,1,0.995,0.84503,0.64026,0.52918,0.02268,0.000317,0.000317,0.000317
70,345.99,0.62447,0.74434,0.01253,0.9962,1,0.995,0.84503,0.64026,0.52918,0.02268,0.00029225,0.00029225,0.00029225
71,350.401,0.595,0.83501,0.01987,0.99613,1,0.995,0.86656,0.62732,0.52906,0.0223,0.0002675,0.0002675,0.0002675
72,355.184,0.53374,0.67865,0.01669,0.99599,1,0.995,0.83604,0.63998,0.55839,0.02343,0.00024275,0.00024275,0.00024275
73,359.678,0.62987,0.82235,0.02364,0.9951,1,0.995,0.83729,0.64617,0.63261,0.02395,0.000218,0.000218,0.000218
74,364.135,0.50486,0.68558,0.0165,0.9951,1,0.995,0.83729,0.64617,0.63261,0.02395,0.00019325,0.00019325,0.00019325
75,369.702,0.49985,0.75988,0.01547,1,0.9892,0.995,0.8337,0.64792,0.68315,0.02388,0.0001685,0.0001685,0.0001685
76,373.842,0.46416,0.67734,0.01525,0.95297,1,0.995,0.83237,0.62205,0.72675,0.02251,0.00014375,0.00014375,0.00014375
77,377.83,0.49005,0.6786,0.01528,0.86145,0.95787,0.97951,0.82278,0.63023,0.76062,0.02311,0.000119,0.000119,0.000119
78,382.801,0.46622,0.69055,0.01463,0.86145,0.95787,0.97951,0.82278,0.63023,0.76062,0.02311,9.425e-05,9.425e-05,9.425e-05
79,387.379,0.46997,0.76741,0.01504,0.86436,1,0.98429,0.82629,0.60982,0.8003,0.0222,6.95e-05,6.95e-05,6.95e-05
80,392.193,0.60578,0.65045,0.02115,0.86332,1,0.98429,0.83711,0.60462,0.79916,0.02186,4.475e-05,4.475e-05,4.475e-05
